{
  "n": 28,
  "baseRate": 0.2857142857142857,
  "meanStated": 0.7882142857142858,
  "overconfidenceGap": 0.5025000000000001,
  "brierRaw": 0.4039678571428572,
  "brierCalibrated": 0.15168214285714285,
  "buckets": [
    {
      "lo": 70,
      "hi": 80,
      "n": 16,
      "statedMean": 0.7575,
      "hitRate": 0.28125,
      "shrunk": 0.28273809523809523
    },
    {
      "lo": 80,
      "hi": 90,
      "n": 12,
      "statedMean": 0.8291666666666666,
      "hitRate": 0.2916666666666667,
      "shrunk": 0.28928571428571426
    }
  ],
  "model": {
    "deciles": [
      0.2827393967520159,
      0.2827393967520159,
      0.2827393967520159,
      0.2827393967520159,
      0.2827393967520159,
      0.2827393967520159,
      0.2827393967520159,
      0.2827393967520159,
      0.2892854166914662,
      0.2892854166914662
    ],
    "baseRate": 0.2857142857142857,
    "dataWeight": 0.9333333333333333,
    "bucket": 10
  },
  "generated_at": "2026-07-24T08:54:34.037Z"
}