{
  "n": 26,
  "baseRate": 0.3076923076923077,
  "meanStated": 0.7899999999999999,
  "overconfidenceGap": 0.4823076923076922,
  "brierRaw": 0.3900076923076924,
  "brierCalibrated": 0.15930384615384618,
  "buckets": [
    {
      "lo": 70,
      "hi": 80,
      "n": 14,
      "statedMean": 0.7564285714285715,
      "hitRate": 0.32142857142857145,
      "shrunk": 0.31643356643356646
    },
    {
      "lo": 80,
      "hi": 90,
      "n": 12,
      "statedMean": 0.8291666666666666,
      "hitRate": 0.2916666666666667,
      "shrunk": 0.2980769230769231
    }
  ],
  "model": {
    "deciles": [
      0.3076923076923077,
      0.3076923076923077,
      0.3076923076923077,
      0.3076923076923077,
      0.3076923076923077,
      0.3076923076923077,
      0.3076923076923077,
      0.3079612591554439,
      0.3079612591554439,
      0.3079612591554439
    ],
    "baseRate": 0.3076923076923077,
    "dataWeight": 0.8666666666666667,
    "bucket": 10
  },
  "generated_at": "2026-07-22T11:51:08.020Z"
}