{
  "n": 21,
  "baseRate": 0.30952380952380953,
  "meanStated": 0.7947619047619047,
  "overconfidenceGap": 0.48523809523809514,
  "brierRaw": 0.3891761904761905,
  "brierCalibrated": 0.1749238095238095,
  "buckets": [
    {
      "lo": 70,
      "hi": 80,
      "n": 11,
      "statedMean": 0.7581818181818182,
      "hitRate": 0.2727272727272727,
      "shrunk": 0.2882205513784461
    },
    {
      "lo": 80,
      "hi": 90,
      "n": 10,
      "statedMean": 0.8349999999999997,
      "hitRate": 0.35,
      "shrunk": 0.33201058201058203
    }
  ],
  "model": {
    "deciles": [
      0.2882340993758131,
      0.2882340993758131,
      0.2882340993758131,
      0.2882340993758131,
      0.2882340993758131,
      0.2882340993758131,
      0.2882340993758131,
      0.2882340993758131,
      0.33200833355817866,
      0.33200833355817866
    ],
    "baseRate": 0.30952380952380953,
    "dataWeight": 0.7,
    "bucket": 10
  },
  "generated_at": "2026-07-16T22:06:09.888Z"
}