{
  "n": 22,
  "baseRate": 0.29545454545454547,
  "meanStated": 0.7927272727272726,
  "overconfidenceGap": 0.49727272727272714,
  "brierRaw": 0.3970545454545455,
  "brierCalibrated": 0.1669909090909091,
  "buckets": [
    {
      "lo": 70,
      "hi": 80,
      "n": 12,
      "statedMean": 0.7575,
      "hitRate": 0.25,
      "shrunk": 0.2681818181818182
    },
    {
      "lo": 80,
      "hi": 90,
      "n": 10,
      "statedMean": 0.8349999999999997,
      "hitRate": 0.35,
      "shrunk": 0.32575757575757575
    }
  ],
  "model": {
    "deciles": [
      0.26819771799783476,
      0.26819771799783476,
      0.26819771799783476,
      0.26819771799783476,
      0.26819771799783476,
      0.26819771799783476,
      0.26819771799783476,
      0.26819771799783476,
      0.3257545457575455,
      0.3257545457575455
    ],
    "baseRate": 0.29545454545454547,
    "dataWeight": 0.7333333333333333,
    "bucket": 10
  },
  "generated_at": "2026-07-17T20:12:51.159Z"
}