{
  "n": 15,
  "baseRate": 0.16666666666666666,
  "meanStated": 0.7873333333333332,
  "overconfidenceGap": 0.6206666666666666,
  "brierRaw": 0.47495333333333334,
  "brierCalibrated": 0.18494666666666668,
  "buckets": [
    {
      "lo": 70,
      "hi": 80,
      "n": 9,
      "statedMean": 0.7566666666666667,
      "hitRate": 0.16666666666666666,
      "shrunk": 0.16666666666666666
    },
    {
      "lo": 80,
      "hi": 90,
      "n": 6,
      "statedMean": 0.8333333333333331,
      "hitRate": 0.16666666666666666,
      "shrunk": 0.16666666666666666
    }
  ],
  "model": {
    "deciles": [
      0.16666666666666666,
      0.16666666666666666,
      0.16666666666666666,
      0.16666666666666666,
      0.16666666666666666,
      0.16666666666666666,
      0.16666666666666666,
      0.16666666666666666,
      0.16666666666666666,
      0.16666666666666666
    ],
    "baseRate": 0.16666666666666666,
    "dataWeight": 0.5,
    "bucket": 10
  },
  "generated_at": "2026-07-11T14:40:01.892Z"
}