{
  "n": 17,
  "baseRate": 0.20588235294117646,
  "meanStated": 0.7917647058823529,
  "overconfidenceGap": 0.5858823529411765,
  "brierRaw": 0.46392941176470587,
  "brierCalibrated": 0.18368823529411762,
  "buckets": [
    {
      "lo": 70,
      "hi": 80,
      "n": 9,
      "statedMean": 0.7566666666666667,
      "hitRate": 0.16666666666666666,
      "shrunk": 0.185121107266436
    },
    {
      "lo": 80,
      "hi": 90,
      "n": 8,
      "statedMean": 0.8312499999999998,
      "hitRate": 0.25,
      "shrunk": 0.22794117647058823
    }
  ],
  "model": {
    "deciles": [
      0.1851372423524495,
      0.1851372423524495,
      0.1851372423524495,
      0.1851372423524495,
      0.1851372423524495,
      0.1851372423524495,
      0.1851372423524495,
      0.1851372423524495,
      0.2279384194622731,
      0.2279384194622731
    ],
    "baseRate": 0.20588235294117646,
    "dataWeight": 0.5666666666666667,
    "bucket": 10
  },
  "generated_at": "2026-07-13T03:09:37.564Z"
}