{
  "n": 18,
  "baseRate": 0.25,
  "meanStated": 0.7894444444444444,
  "overconfidenceGap": 0.5394444444444444,
  "brierRaw": 0.4416277777777778,
  "brierCalibrated": 0.19368888888888888,
  "buckets": [
    {
      "lo": 70,
      "hi": 80,
      "n": 10,
      "statedMean": 0.756,
      "hitRate": 0.25,
      "shrunk": 0.25
    },
    {
      "lo": 80,
      "hi": 90,
      "n": 8,
      "statedMean": 0.8312499999999998,
      "hitRate": 0.25,
      "shrunk": 0.25
    }
  ],
  "model": {
    "deciles": [
      0.25,
      0.25,
      0.25,
      0.25,
      0.25,
      0.25,
      0.25,
      0.25,
      0.25,
      0.25
    ],
    "baseRate": 0.25,
    "dataWeight": 0.6,
    "bucket": 10
  },
  "generated_at": "2026-07-14T02:02:31.824Z"
}