{
  "n": 19,
  "baseRate": 0.2894736842105263,
  "meanStated": 0.7926315789473684,
  "overconfidenceGap": 0.503157894736842,
  "brierRaw": 0.4195684210526316,
  "brierCalibrated": 0.19909999999999997,
  "buckets": [
    {
      "lo": 70,
      "hi": 80,
      "n": 10,
      "statedMean": 0.756,
      "hitRate": 0.25,
      "shrunk": 0.2675438596491228
    },
    {
      "lo": 80,
      "hi": 90,
      "n": 9,
      "statedMean": 0.8333333333333331,
      "hitRate": 0.3333333333333333,
      "shrunk": 0.3126934984520124
    }
  ],
  "model": {
    "deciles": [
      0.26755919978821846,
      0.26755919978821846,
      0.26755919978821846,
      0.26755919978821846,
      0.26755919978821846,
      0.26755919978821846,
      0.26755919978821846,
      0.26755919978821846,
      0.3126909187592848,
      0.3126909187592848
    ],
    "baseRate": 0.2894736842105263,
    "dataWeight": 0.6333333333333333,
    "bucket": 10
  },
  "generated_at": "2026-07-15T00:53:22.590Z"
}