{
  "n": 16,
  "baseRate": 0.21875,
  "meanStated": 0.788125,
  "overconfidenceGap": 0.569375,
  "brierRaw": 0.44776875,
  "brierCalibrated": 0.19269999999999998,
  "buckets": [
    {
      "lo": 70,
      "hi": 80,
      "n": 9,
      "statedMean": 0.7566666666666667,
      "hitRate": 0.16666666666666666,
      "shrunk": 0.19117647058823528
    },
    {
      "lo": 80,
      "hi": 90,
      "n": 7,
      "statedMean": 0.8285714285714284,
      "hitRate": 0.2857142857142857,
      "shrunk": 0.25
    }
  ],
  "model": {
    "deciles": [
      0.19119789999934694,
      0.19119789999934694,
      0.19119789999934694,
      0.19119789999934694,
      0.19119789999934694,
      0.19119789999934694,
      0.19119789999934694,
      0.19119789999934694,
      0.2499955363519497,
      0.2499955363519497
    ],
    "baseRate": 0.21875,
    "dataWeight": 0.5333333333333333,
    "bucket": 10
  },
  "generated_at": "2026-07-12T04:27:30.937Z"
}