{
  "n": 25,
  "baseRate": 0.32,
  "meanStated": 0.7896,
  "overconfidenceGap": 0.46959999999999996,
  "brierRaw": 0.38000800000000007,
  "brierCalibrated": 0.163992,
  "buckets": [
    {
      "lo": 70,
      "hi": 80,
      "n": 14,
      "statedMean": 0.7564285714285715,
      "hitRate": 0.32142857142857145,
      "shrunk": 0.3209090909090909
    },
    {
      "lo": 80,
      "hi": 90,
      "n": 11,
      "statedMean": 0.8318181818181817,
      "hitRate": 0.3181818181818182,
      "shrunk": 0.31894736842105265
    }
  ],
  "model": {
    "deciles": [
      0.32,
      0.32,
      0.32,
      0.32,
      0.32,
      0.32,
      0.32,
      0.320045931177107,
      0.320045931177107,
      0.320045931177107
    ],
    "baseRate": 0.32,
    "dataWeight": 0.8333333333333334,
    "bucket": 10
  },
  "generated_at": "2026-07-21T13:12:58.107Z"
}