{
  "n": 27,
  "baseRate": 0.2962962962962963,
  "meanStated": 0.7885185185185185,
  "overconfidenceGap": 0.4922222222222222,
  "brierRaw": 0.39639629629629636,
  "brierCalibrated": 0.1553333333333333,
  "buckets": [
    {
      "lo": 70,
      "hi": 80,
      "n": 15,
      "statedMean": 0.756,
      "hitRate": 0.3,
      "shrunk": 0.29871175523349436
    },
    {
      "lo": 80,
      "hi": 90,
      "n": 12,
      "statedMean": 0.8291666666666666,
      "hitRate": 0.2916666666666667,
      "shrunk": 0.2935185185185185
    }
  ],
  "model": {
    "deciles": [
      0.2962962962962963,
      0.2962962962962963,
      0.2962962962962963,
      0.2962962962962963,
      0.2962962962962963,
      0.2962962962962963,
      0.2962962962962963,
      0.29640364605092157,
      0.29640364605092157,
      0.29640364605092157
    ],
    "baseRate": 0.2962962962962963,
    "dataWeight": 0.9,
    "bucket": 10
  },
  "generated_at": "2026-07-24T02:54:11.751Z"
}