{
  "n": 20,
  "baseRate": 0.3,
  "meanStated": 0.7954999999999999,
  "overconfidenceGap": 0.4954999999999999,
  "brierRaw": 0.40471500000000005,
  "brierCalibrated": 0.18533499999999997,
  "buckets": [
    {
      "lo": 70,
      "hi": 80,
      "n": 10,
      "statedMean": 0.756,
      "hitRate": 0.25,
      "shrunk": 0.27222222222222225
    },
    {
      "lo": 80,
      "hi": 90,
      "n": 10,
      "statedMean": 0.8349999999999997,
      "hitRate": 0.35,
      "shrunk": 0.3277777777777778
    }
  ],
  "model": {
    "deciles": [
      0.2722416530650769,
      0.2722416530650769,
      0.2722416530650769,
      0.2722416530650769,
      0.2722416530650769,
      0.2722416530650769,
      0.2722416530650769,
      0.2722416530650769,
      0.32777500027775003,
      0.32777500027775003
    ],
    "baseRate": 0.3,
    "dataWeight": 0.6666666666666666,
    "bucket": 10
  },
  "generated_at": "2026-07-15T23:24:58.179Z"
}