{
  "n": 24,
  "baseRate": 0.3333333333333333,
  "meanStated": 0.7891666666666666,
  "overconfidenceGap": 0.45583333333333326,
  "brierRaw": 0.36917500000000003,
  "brierCalibrated": 0.16784166666666667,
  "buckets": [
    {
      "lo": 70,
      "hi": 80,
      "n": 14,
      "statedMean": 0.7564285714285715,
      "hitRate": 0.32142857142857145,
      "shrunk": 0.32575757575757575
    },
    {
      "lo": 80,
      "hi": 90,
      "n": 10,
      "statedMean": 0.8349999999999997,
      "hitRate": 0.35,
      "shrunk": 0.34259259259259256
    }
  ],
  "model": {
    "deciles": [
      0.325761361743371,
      0.325761361743371,
      0.325761361743371,
      0.325761361743371,
      0.325761361743371,
      0.325761361743371,
      0.325761361743371,
      0.325761361743371,
      0.34259166675924996,
      0.34259166675924996
    ],
    "baseRate": 0.3333333333333333,
    "dataWeight": 0.8,
    "bucket": 10
  },
  "generated_at": "2026-07-19T16:44:08.516Z"
}