{
  "n": 23,
  "baseRate": 0.32608695652173914,
  "meanStated": 0.7908695652173912,
  "overconfidenceGap": 0.464782608695652,
  "brierRaw": 0.38250869565217394,
  "brierCalibrated": 0.17703913043478267,
  "buckets": [
    {
      "lo": 70,
      "hi": 80,
      "n": 13,
      "statedMean": 0.7569230769230769,
      "hitRate": 0.3076923076923077,
      "shrunk": 0.3146997929606625
    },
    {
      "lo": 80,
      "hi": 90,
      "n": 10,
      "statedMean": 0.8349999999999997,
      "hitRate": 0.35,
      "shrunk": 0.3393719806763285
    }
  ],
  "model": {
    "deciles": [
      0.31470592121044544,
      0.31470592121044544,
      0.31470592121044544,
      0.31470592121044544,
      0.31470592121044544,
      0.31470592121044544,
      0.31470592121044544,
      0.31470592121044544,
      0.33937065230675,
      0.33937065230675
    ],
    "baseRate": 0.32608695652173914,
    "dataWeight": 0.7666666666666667,
    "bucket": 10
  },
  "generated_at": "2026-07-18T18:43:17.546Z"
}